RobbyDelaware,11484
SCOTTGOHARD,31858
Beckster319,6742
skatewake1994,843
KadirovRussia,10877
MargoSavazh,18401
darknally,22603
lagonehoe,2228
YouJustCtrlC,2100
MrMoraan,2044
NoJonathonNo,2002
CharlesJHarper,3300
PrettyLaraPlace,3342
BigBoyJasiah,1918
Jery_RobertsYo,1573
LILJordamn,1899
PaulineTT,1906
RamonasNails,1745
JeffreyKahunas,2320
JassScott,1818
CannonSher,10203
cassishere,3831
CarrieThornthon,3222
ImaPharrelFake,1771
WesternWindWes,1232
HiImKhloe,1935
_NickLuna_,2100
IlikeBIGbuttand,5554
staywoke88,1637
CynthiaMHunter,2759
acejinev,1725
AntonHayHay,1936
AlecMooooody,3420
JaydaAstonishin,1978
melanymelanin,2121
IMissObama,2124
JeanneMccarthy0,1999
DaileyJadon,2299
Adrienne_GG,2083
LauraBaeley,1946
BaoBaeHam,2004
TravisRespek,1875
USA_Gunslinger,0
BlackToLive,0
Crystal1Johnson,0
TEN_GOP,0
MalloryJared,1811
iLoveSarahRich,1747
GarrettSimpson_,2010
KateRitterrrr,5347
ErRivvvvers,1854
claudia42kern,2574
EliasBrick,2047
PamBLMDaniels,2478
CurtisBigMan,5510
deusXYX,1703
JavonHIDP,3479
Siccerthanyou,2039
hyddrox,10242
SamirGooden,1739
Gab1Aldana,3861
ChadSloyer,2446
EmileeWaren,2170
GwennyThot,2597
AmelieBaldwin,15227
RosieOnFleek,1229
camosaseko,9703
PeytonCashOut,1576
DatWiseNigga,1844
BLMSoldier,1889
J0hnLarsen,2387
StanleyParris,1761
ArchieOlivers,1854
BleepThePolice,13727
WatchMeWalkin,2259
MichelleArry,2433
RegieBlackmon,1997
CornellBurchet,1786
JacquelinIsBest,3416
Kelvin_Chambers,1576
RandolphBurrr,1914
Pamela_Moore13,0
ZzzacharyZzz,1700
CooknCooks,2188
OneMightyFish,1718
KenzDonovan,2300
Jani_s_Jac,2217
IIddaaMarks,2194
DonnaBRivera,2341
HunterOddddom,2076
MelvinSRoberts,4874
mrclydepratt,1978
DorothieBell,3069
OGDeandre,1703
DrMichaelGarcia,2295
brianaregland,2938
RyanMaxwell_1,1853
ravenicholson,1645
ArturBuranof,1350
Boryabuchin,1357
Puddin_Leto,1310
teZaharov,586
Valeyina_Dm,1312
BogdanKravcov,1619
_SashaLapin,1237
WarfareWW,2618
wadeharriot,3089
JadonHutchinson,2139
Kotovamarys,747
DailySanFran,32546
interFischer,1033
TaisiaAvdeeva,937
patriotka_rusi,548
russilanrogov,657
rusnevrotik,1912
razvedchica_,1135
ponomarevSlav,490
ViBorisova,594
ChernenkoNikola,1243
RomanAgafonovv,835
StepanSazono,529
VasilichVasili,938
ErofeenkoAnton,701
Aleksey_Sokol_,2669
traceyhappymom,4655
BrucieDublin,2995
KathieMrr,4267
Jasper_Fly,3379
EvaGreen69,1831
romanGorolov,1080
6Druz,2024
PaolaKinck,3518
heyheyhailey,2035
CalebPaar,2983
happkendrahappy,2746
dannythehappies,2191
Kolradskiy_Zhuk,795
sovasof,1158
holycrapchrix,4237
Stanley_Cox_,1410
heyits_toby,1396
GvardeykaLena,549
mr_clampin,3777
ChicagoDailyNew,39293
MsM0re,1083
AlexsVladimirov,620
LapinOlegg,432
SovetnikStatski,978
Sergbriantsev,1280
LoraGreeen,5867
OnlineMemphis,4223
Aiden7757,2284
Politweecs,559
shapka_mono,935
DetroitDailyNew,18924
toneporter,2196
LeroyLovesUSA,1501
hipppo_,2148
mihanovikov,765
GlebNikon,807
Sergeev_Tolik,956
Denn_Nikitin,1479
BorisEleseev,581
russianallies,15364
RealRobert1987,1325
queenofthewo,2233
Bocharnikov_V,1368
AlexHarritonov,1257
JudeLambertUSA,1515
KansasDailyNews,42560
CassieWeltch,2455
PatriotRaphael,1521
TodayPittsburgh,32006
JarrardNorman,2189
finley1589,4283
AmandaVGreen,4461
PhiladelphiaON,9725
pureDavie,1757
DailyLosAngeles,7288
LavrovMuesli,11798
brightandglory,3935
PatriotBlake,3325
BGarner2107,3942
cascaseyp,2537
WashingtOnline,28939
TodayNYCity,42438
OnlineCleveland,15314
PhoenixDailyNew,19310
SanAntoTopNews,13260
GiselleEvns,18466
DanaGeezus,13591
Jenn_Abrams,20576
TheFoundingSon,0
ChrixMorgan,10121
NewspeakDaily,10611
ScreamyMonkey,45883
SpecialAffair,36058
Baltimore0nline,10773
StLouisOnline,17082
RichmondVoice,5234
Aldrich420,1162
Hollydler,3066
PriceForPierce,1695
Mil0Blake,1659
DevineDevinBr,1061
NewarkVoice,11511
BatonRougeVoice,20707
gloed_up,28695
WorldOfHashtags,21500
todayinsyria,10162
blackmattersus,3252
tpartynews,1649
4MySquad,1489
BlackEyeBlog,1742
Blk_Voice,1545
ItsTimeToSecede,848
BlackNewsOutlet,1370
rightnpr,791
SouthLoneStar,2108
dontshootcom,757
TrayneshaCole,7118
GallowayEliana,1721
CatelineWatkins,1589
SusaYung,1765
taraformation,641
BigSeanBeast,1475
NotBallinYet,1346
ClayPaigeBoo,1328
FightM_D_B,1717
hollandpatrickk,893
KaydenMelton,1672
CharlesRespeck,1328
HellieEdwards,2826
WonderHann,33
MarissaImStrong,0
JohnieVOGUE,1610
maymaymyy,1660
ImaSwerve,1417
SincerePruitt,1272
JeaNuttella,1514
JohnBranchh,1685
KarenParker93,1957
TessyElmore,1738
AdrGreerr,1400
DamaniMiles,1353
RH0lbr00k,1988
FinnaGlo,1507
JohnieBoyCooks,1499
AdamChapmanJR,1282
BrianTheLifter,1244
WokeFromDay1,1761
WillisBonnerr,1356
JerStoner,1249
NehemiahX,1137
QueennArielle,1614
RobertEbonyKing,1141
JohnnyMarch_,1431
KenCannone,1264
janelperkinson,1570
aantiracist,1498
cookiiieeessss,1587
BriceGeller,1386
CoryNaeNae,1153
BigBoySneed,1281
BrentMcclure275,1425
ChesPlaysChess,15943
Pati_Cooper,1898
coldwar20_ru,32426
CliftonHughes_,1236
NotRitaHart,2224
AustinLovesBeer,103
NewOrleansON,44882
LazyKStafford,1752
abigailssilk,1592
ElPasoTopNews,8050
DominicValent,2775
TodayCincinnati,15189
JmsCoxxx,1652
TodayBostonMA,15425
DickyIrwin,2309
Seattle_Post,27013
HoustonTopNews,20564
DailySanDiego,18733
DallasTopNews,19714
Atlanta_Online,12995
TodayMiami,8218
enTatjanaMax,6946
OaklandOnline,14867
JacksonCityPost,6308
kelvsok,165
nataturn,173
NovostiDamask,8500
patriototus,1706
Patriot_Archive,609
MissouriNewsUS,1407
Luke_Jones13,286
RealTEN_GOP,0
March_for_Trump,0
nj_blacknews,451
redlanews,1530
blacneighbor,1179
Jeblary2016,1176
MUSLIMS_IN_USA,649
OooonlyOne,1205
OstrovOfficer,1616
DannyMaslov,376
gffgfsfgfsdffjj,828
OH_Frida,1703
Shocko_10,1914
HorrorKi,1778
MikkyRurk,1433
Zistti,1463
LysikVinkova,636
arkadii_trofim,1549
Lila_Gorila,1884
MaxDementiev,30624
YatTVRussia,378
Leecory,219
MaksBlaginin,223
TebePizdec,1325
KrasilnikovBor,287
BanttaNantta,119
RogovIlia,208
KrustyPs,63
PoliceStateMe,611
MidEastView,10983
anzgri,61735
LynsRodriguez,1189
MeggieONeil,1594
EdmundRJr,1087
margoberoeva,6109
DonnieLMiller,2094
heyitsglor,14
riafanru,57212
zubovnik,19641
PigeonToday,15665
mbrownhere,119
instotus,581
GlobalFoe,493
chrisuport_port,741
Darrell_H_Hunt,1
MargarethKurz,250
sternandreas404,253
WhiteHouseCards,385
Arseni_Roman,1281
Bratuha_Borcuha,1131
bydrbre_,1035
erdollum,2556
inspectAn,950
internalmemer,3871
krivelev_law,646
med_Harley,1321
MiliMillennium,1807
MrServelat,1564
nana_lama,1727
PolitOpros,653
ShikarnoeL,1288
TtlenLen,2040
WorldnewsPoli,638
4ever1937,33
AndreasEulitz,98
angela_lattke,231
berkhoff85,1041
BerlinBote,6804
Blacktivists,710
briys_valera,1078
ChaNeutral,16
fischermaria933,217
GeoreviewEurope,16
gorelkinnn,999
inst_vets,184
Jihadist2ndWife,1071
Jorda_Morgan,738
LGBTuni,453
Lmarinays,9394
lukas_rosler,1212
maximgaron1,1024
mmmdarya,248
Moda_Barina,862
mtthsberger,1135
mwiqcen,1291
PeeOnHillary,4
PeterKistner,248
RUS_IN_USA,13
schultei2,244
SonderKatharina,393
TinaTkurtz1222,134
TTsvetkov,2271
Williams8kalvin,326
Williams_Diana_,170
JoachimBuchwitz,5
klara_sauber,11
MariaNeuberg1,15
andrebeauleger,0
angelabach991,0
AnthonyWoodboy,0
_Billy_Moyer_,0
c__wells,0
christinapool61,0
evewebster373,0
fishalexanderr,0
Jamie_Mccarthy_,0
KarolineAuge,0
LilyLilyhasse,0
Logan_WhatsUp,0
manuelkrosss,0
MicParrish,0
NinonDerrien,0
sylvielefevrier,0
verrellportier,0
LelandGraves_,0
GlennHarper_,0
TodayCleveland,0
iris0_o,0
ClydeDaws0n,0
Joseph_Jenks,0
Erdollum666,0
EricaRutter,0
riogithief,0
JaedenMassey,0
IanCalh0un,0
MilwaukeeVoice,0
portmela,0
BeverlyBalsom,0
ssus_panther,0
ChristinaCrisss,0
JsnCarey,0
ColbyST1,0
AlbertMoreNMore,0
Roscoe_Riddle,0
Israel_Wills,0
OrrClay,0
agnesgrhm,0
RyannCooperwood,0
Gibbs_Jeremy_,0
GraceLilStar,0
wildharee,0
handsome_henson,0
Danny_Turner_1,0
jrrbrtt,0
Jon_Underwood_,0
EdmundC0oke,0
SindyBlossom,0
sto_christi,0
YaelTrouble,0
KristyanaNN,0
T0nyaSinclair,0
KimberleighLamb,0
HamburgBote,0
ReachItDoIt,0
KirstenLaDaniel,0
gwen_garland,0
KlausFinker,0
srahSE,0
