created_at,id,favorite_count,retweet_count,is_retweet,source,in_reply_to_user_id,text
Thu Jan 18 01:11:26 +0000 2018,953796944564031489,71774,17774,False,Twitter for iPhone,,"ISIS is in retreat, our economy is booming, investments and jobs are pouring back into the country, and so much more! Together there is nothing we can‚Äôt overcome--even a very biased media. We ARE Making America Great Again!"
Thu Jan 18 01:05:46 +0000 2018,953795518592843777,49018,11067,False,Twitter for iPhone,,"Despite some very corrupt and dishonest media coverage, there are many great reporters I respect and lots of GOOD NEWS for the American people to be proud of!"
Thu Jan 18 01:00:05 +0000 2018,953794085751574534,44951,18342,False,Twitter for iPhone,,"And the FAKE NEWS winners are...
https://t.co/59G6x2f7fD"
Wed Jan 17 23:36:44 +0000 2018,953773110553186312,37967,9460,False,Twitter for iPhone,,Main Street is BACK! Strongest Holiday Sales bump since the Great Recession -- beating forecasts by BILLIONS OF DOLLARS. https://t.co/kDcGbMieSt
Wed Jan 17 23:32:58 +0000 2018,953772162665590787,51921,13659,False,Twitter for iPhone,,"During the campaign, I promised to MAKE AMERICA GREAT AGAIN by bringing businesses and jobs back to our country. I am very proud to see companies like Chrysler moving operations from Mexico to Michigan where there are so many great American workers! https://t.co/hz2q9UTfnF"
Wed Jan 17 23:28:30 +0000 2018,953771038114045954,51641,14273,False,Twitter for iPhone,,I promised that my policies would allow companies like Apple to bring massive amounts of money back to the United States. Great to see Apple follow through as a result of TAX CUTS. Huge win for American workers and the USA! https://t.co/OwXVUyLOb1
Wed Jan 17 23:19:02 +0000 2018,953768657221451776,40446,9228,False,Media Studio,,"Today, we witnessed an incredible moment in history ‚Äì the presentation of Congress‚Äô highest civilian honor to our friend, and true AMERICAN HERO, Bob Dole. #CongressionalGoldMedal https://t.co/qNQqDLRmCk"
Wed Jan 17 13:04:46 +0000 2018,953614071336701952,45934,5996,False,Twitter for iPhone,,Eric Trump on @foxandfriends  now!
Tue Jan 16 23:20:10 +0000 2018,953406553083777029,72509,17514,False,Twitter for iPhone,25073877,"....we need to keep America safe, including moving away from a random chain migration and lottery system, to one that is merit-based. https://t.co/7PtoSFK1n2"
Tue Jan 16 23:19:39 +0000 2018,953406423177859073,90100,24054,False,Twitter for iPhone,,New report from DOJ &amp; DHS shows that nearly 3 in 4 individuals convicted of terrorism-related charges are foreign-born. We have submitted to Congress a list of resources and reforms....
Tue Jan 16 20:17:39 +0000 2018,953360619834691585,50175,9365,False,Twitter for iPhone,,"Today, it was my honor to welcome President Nursultan Nazarbayev of Kazakhstan to the @WhiteHouse! https://t.co/TerYFZViax"
Tue Jan 16 19:43:32 +0000 2018,953352036309000194,66453,18459,False,Twitter for iPhone,,"‚ÄúPresident Donald J. Trump Proclaims January 16, 2018, as Religious Freedom Day‚Äù https://t.co/bD3R2dJfyp"
Tue Jan 16 14:30:00 +0000 2018,953273134655987716,106038,27260,False,Twitter for iPhone,,"Unemployment for Black Americans is the lowest ever recorded. Trump approval ratings with Black Americans has doubled. Thank you, and it will get even (much) better! @FoxNews"
Tue Jan 16 14:24:40 +0000 2018,953271789790138368,68057,16036,False,Twitter for iPhone,,‚Äú90% of Trump 2017 news coverage was negative‚Äù -and much of it contrived!@foxandfriends
Tue Jan 16 14:19:46 +0000 2018,953270558573154305,104034,25385,False,Twitter for iPhone,,"Do you notice the Fake News Mainstream Media never likes covering the great and record setting economic news, but rather talks about anything negative or that can be turned into the negative. The Russian Collusion Hoax is dead, except as it pertains to the Dems. Public gets it!"
Tue Jan 16 14:07:38 +0000 2018,953267506004754432,93532,22950,False,Twitter for iPhone,,"The Democrats want to shut down the Government over Amnesty for all and Border Security. The biggest loser will be our rapidly rebuilding Military, at a time we need it more than ever. We need a merit based system of immigration, and we need it now! No more dangerous Lottery."
Tue Jan 16 13:54:02 +0000 2018,953264081871495168,110298,24196,False,Twitter for iPhone,,"We must have Security at our VERY DANGEROUS SOUTHERN BORDER, and we must have a great WALL to help protect us, and to help stop the massive inflow of drugs pouring into our country!"
Tue Jan 16 00:55:35 +0000 2018,953068179919638528,0,30108,True,Twitter for iPhone,,RT @realDonaldTrump: Senator Dicky Durbin totally misrepresented what was said at the DACA meeting. Deals can‚Äôt get made when there is no t‚Ä¶
Tue Jan 16 00:53:38 +0000 2018,953067686313037829,0,27608,True,Twitter for iPhone,,"RT @realDonaldTrump: DACA is probably dead because the Democrats don‚Äôt really want it, they just want to talk and take desperately needed m‚Ä¶"
Tue Jan 16 00:53:19 +0000 2018,953067606612828161,0,39445,True,Twitter for iPhone,,"RT @realDonaldTrump: I, as President, want people coming into our Country who are going to help us become strong and great again, people co‚Ä¶"
Tue Jan 16 00:52:48 +0000 2018,953067477830946816,0,19043,True,Twitter for iPhone,,RT @realDonaldTrump: ...big unnecessary regulation cuts made it all possible‚Äù (among many other things). ‚ÄúPresident Trump reversed the poli‚Ä¶
Tue Jan 16 00:52:43 +0000 2018,953067456255406081,0,24846,True,Twitter for iPhone,,"RT @realDonaldTrump: ‚ÄúPresident Trump is not getting the credit he deserves for the economy. Tax Cut bonuses to more than 2,000,000 workers‚Ä¶"
Tue Jan 16 00:50:19 +0000 2018,953066854079135744,0,13190,True,Twitter for iPhone,,"RT @EricTrump: I will be always be incredibly proud of my work for @StJude, raising $16.3+ million dollars over the last 10 years at a 9.2%‚Ä¶"
Tue Jan 16 00:48:04 +0000 2018,953066286434652165,0,8355,True,Twitter for iPhone,,RT @EricTrump: #MakeAmericaGreatAgain üá∫üá∏üá∫üá∏üá∫üá∏ https://t.co/b81NtQGhHa
Tue Jan 16 00:47:59 +0000 2018,953066265987420160,0,2410,True,Twitter for iPhone,,"RT @Heritage: We had a special visitor yesterday. @IvankaTrump, thank you for meeting with @KayColesJames, spending time with our team, and‚Ä¶"
Mon Jan 15 20:28:15 +0000 2018,953000902331453442,114141,30108,False,Twitter for iPhone,,Senator Dicky Durbin totally misrepresented what was said at the DACA meeting. Deals can‚Äôt get made when there is no trust! Durbin blew DACA and is hurting our Military.
Mon Jan 15 16:01:11 +0000 2018,952933691642339329,0,21153,True,Twitter for iPhone,,"RT @WhiteHouse: ""Dr. King's dream is our dream. It is the American Dream. It's the promise stitched into the fabric of our Nation, etched i‚Ä¶"
Mon Jan 15 13:02:22 +0000 2018,952888691944550401,110536,23420,False,Twitter for iPhone,,"...to stop drugs, they want to take money away from our military which we cannot do.‚Äù My standard is very simple, AMERICA FIRST &amp; MAKE AMERICA GREAT AGAIN!"
Mon Jan 15 12:57:43 +0000 2018,952887520790040576,91885,21905,False,Twitter for iPhone,,"Statement by me last night in Florida: ‚ÄúHonestly, I don‚Äôt think the Democrats want to make a deal. They talk about DACA, but they don‚Äôt want to help..We are ready, willing and able to make a deal but they don‚Äôt want to. They don‚Äôt want security at the border, they don‚Äôt want....."
Sun Jan 14 13:59:35 +0000 2018,952540700683497472,86318,19043,False,Twitter for iPhone,,"...big unnecessary regulation cuts made it all possible‚Äù (among many other things). ‚ÄúPresident Trump reversed the policies of President Obama, and reversed our economic decline.‚Äù Thank you Stuart Varney.  @foxandfriends"
Sun Jan 14 13:50:14 +0000 2018,952538350333939713,109344,24846,False,Twitter for iPhone,,"‚ÄúPresident Trump is not getting the credit he deserves for the economy. Tax Cut bonuses to more than 2,000,000 workers. Most explosive Stock Market rally that we‚Äôve seen in modern times. 18,000 to 26,000 from Election, and grounded in profitability and growth. All Trump, not 0..."
Sun Jan 14 13:19:06 +0000 2018,952530515894169601,158365,39445,False,Twitter for iPhone,,"I, as President, want people coming into our Country who are going to help us become strong and great again, people coming in through a system based on MERIT. No more Lotteries! #AMERICA FIRST"
Sun Jan 14 13:09:09 +0000 2018,952528011869478912,119420,27608,False,Twitter for iPhone,,"DACA is probably dead because the Democrats don‚Äôt really want it, they just want to talk and take desperately needed money away from our Military."
Sun Jan 14 13:04:18 +0000 2018,952526791658360833,0,34656,True,Twitter for iPhone,,"RT @realDonaldTrump: So much Fake News is being reported. They don‚Äôt even try to get it right, or correct it when they are wrong. They prom‚Ä¶"
Sun Jan 14 13:01:44 +0000 2018,952526145064505345,81798,16491,False,Twitter for iPhone,,...and they knew exactly what I said and meant. They just wanted a story. FAKE NEWS!
Sun Jan 14 12:58:43 +0000 2018,952525384242876416,94450,22504,False,Twitter for iPhone,,"The Wall Street Journal stated falsely that I said to them ‚ÄúI have a good relationship with Kim Jong Un‚Äù (of N. Korea). Obviously I didn‚Äôt say that. I said ‚ÄúI‚Äôd have a good relationship with Kim Jong Un,‚Äù a big difference. Fortunately we now record conversations with reporters..."
Sun Jan 14 03:50:18 +0000 2018,952387373056380928,0,15676,True,Twitter for iPhone,,RT @paulsperry_: https://t.co/aU1rdyKA1W
Sun Jan 14 03:49:56 +0000 2018,952387277610774528,0,10292,True,Twitter for iPhone,,"RT @paulsperry_: Fusion GPS, firm behind disputed Russia dossier, retracts its claim of FBI mole in Trump camp
https://t.co/s6CFPXSVqb"
Sun Jan 14 03:45:45 +0000 2018,952386227705204736,0,23233,True,Twitter for iPhone,,"RT @JackPosobiec: Dick Durbin called Trump racist for wanting to end chain migration. 

Here's a video of Dick Durbin calling for an end to‚Ä¶"
Sun Jan 14 03:42:07 +0000 2018,952385311669178368,0,18111,True,Twitter for iPhone,,RT @LouDobbs: The stock market has gained an incredible 7.8 Trillion dollars in market value since @POTUS was elected! Looks like 4% econom‚Ä¶
Sat Jan 13 22:08:34 +0000 2018,952301373479104512,146582,34656,False,Twitter for iPhone,,"So much Fake News is being reported. They don‚Äôt even try to get it right, or correct it when they are wrong. They promote the Fake Book of a mentally deranged author, who knowingly writes false information. The Mainstream Media is crazed that WE won the election!"
Sat Jan 13 14:20:01 +0000 2018,952183458922672130,123200,27223,False,Twitter for iPhone,,"I don‚Äôt believe the Democrats really want to see a deal on DACA. They are all talk and no action. This is the time but, day by day, they are blowing the one great opportunity they have. Too bad!"
Sat Jan 13 14:20:00 +0000 2018,952183452366929920,2182,548,False,Twitter for iPhone,,"Yesterday was another big day for jobs and the Stock Market. Chrysler coming back to U.S. (Michigan) from Mexico and many more companies paying out Tax Cut money to employees. If Dems won in November, Market would have TANKED! It was headed for disaster."
Sat Jan 13 13:14:20 +0000 2018,952166927476183040,151320,37503,False,Twitter for iPhone,,AMERICA FIRST!
Sat Jan 13 13:14:03 +0000 2018,952166857670320128,103096,21860,False,Twitter for iPhone,,The Democrats are all talk and no action. They are doing nothing to fix DACA. Great opportunity missed. Too bad!
Sat Jan 13 13:13:12 +0000 2018,952166643202916352,116439,24496,False,Twitter for iPhone,,"Yesterday was a big day for the stock market. Jobs are coming back to America. Chrysler is coming back to the USA, from Mexico and many others will follow. Tax cut money to employees is pouring into our economy with many more companies announcing. American business is hot again!"
Fri Jan 12 17:56:18 +0000 2018,951875499537641472,108282,26492,False,Twitter for iPhone,,"Today, it was my great honor to proclaim January 15, 2018, as Martin Luther King Jr., Federal Holiday. I encourage all Americans to observe this day with appropriate civic, community, and service activities in honor of Dr. King's life and legacy. https://t.co/samlJsz1Nt"
Fri Jan 12 13:48:49 +0000 2018,951813216291708928,137921,36610,False,Twitter for iPhone,,"Never said anything derogatory about Haitians other than Haiti is, obviously, a very poor and troubled country. Never said ‚Äútake them out.‚Äù Made up by Dems. I have a wonderful relationship with Haitians. Probably should record future meetings - unfortunately, no trust!"
Fri Jan 12 12:50:00 +0000 2018,951798415301718017,123731,31916,False,Twitter for iPhone,,"Sadly, Democrats want to stop paying our troops and government workers in order to give a sweetheart deal, not a fair deal, for DACA. Take care of our Military, and our Country, FIRST!"
Fri Jan 12 12:28:58 +0000 2018,951793123985973248,102753,24768,False,Twitter for iPhone,,"The language used by me at the DACA meeting was tough, but this was not the language used. What was really tough was the outlandish proposal made - a big setback for DACA!"
Fri Jan 12 12:20:32 +0000 2018,951790999784783872,91171,22941,False,Twitter for iPhone,,"....Because of the Democrats not being interested in life and safety, DACA has now taken a big step backwards. The Dems will threaten ‚Äúshutdown,‚Äù but what they are really doing is shutting down our military, at a time we need it most. Get smart, MAKE AMERICA GREAT AGAIN!"
Fri Jan 12 12:09:58 +0000 2018,951788342647107584,109156,24408,False,Twitter for iPhone,,"....countries which are doing badly. I want a merit based system of immigration and people who will help take our country to the next level. I want safety and security for our people. I want to stop the massive inflow of drugs. I want to fund our military, not do a Dem defund...."
Fri Jan 12 11:59:02 +0000 2018,951785587765280768,83164,21704,False,Twitter for iPhone,,"The so-called bipartisan DACA deal presented yesterday to myself and a group of Republican Senators and Congressmen was a big step backwards. Wall was not properly funded, Chain &amp; Lottery were made worse and USA would be forced to take large numbers of people from high crime....."
Fri Jan 12 04:57:57 +0000 2018,951679619341737986,124383,30110,False,Twitter for iPhone,,"Reason I canceled my trip to London is that I am not a big fan of the Obama Administration having sold perhaps the best located and finest embassy in London for ‚Äúpeanuts,‚Äù only to build a new one in an off location for 1.2 billion dollars. Bad deal. Wanted me to cut ribbon-NO!"
Fri Jan 12 04:42:25 +0000 2018,951675713089888256,121534,29272,False,Twitter for iPhone,,"The Democrats seem intent on having people and drugs pour into our country from the Southern Border, risking thousands of lives in the process. It is my duty to protect the lives and safety of all Americans. We must build a Great Wall, think Merit and end Lottery &amp; Chain. USA!"
Fri Jan 12 03:01:20 +0000 2018,951650274032209920,98396,22976,False,Twitter for iPhone,,Democrat Dianne Feinstein should never have released secret committee testimony to the public without authorization. Very disrespectful to committee members and possibly illegal. She blamed her poor decision on the fact she had a cold - a first!
Fri Jan 12 02:53:05 +0000 2018,951648197440569344,114674,25964,False,Twitter for iPhone,,"Chrysler is moving a massive plant from Mexico to Michigan, reversing a years long opposite trend. Thank you Chrysler, a very wise decision. The voters in Michigan are very happy they voted for Trump/Pence. Plenty of more to follow!"
Fri Jan 12 02:49:56 +0000 2018,951647402599026689,72631,19063,False,Twitter for iPhone,,"More great news as a result of historical Tax Cuts and Reform: Fiat Chrysler announces plan to invest more than $1 BILLION in Michigan plant, relocating their heavy-truck production from Mexico to Michigan, adding 2,500 new jobs and paying $2,000 bonus to U.S. employees! https://t.co/47azKD0l9B"
Fri Jan 12 02:47:17 +0000 2018,951646736233189377,67525,13214,False,Twitter for iPhone,,Small Business Poll has highest approval numbers in the polls history. All business is just at the beginning of something really special!
Fri Jan 12 02:43:56 +0000 2018,951645893513613312,75436,15527,False,Twitter for iPhone,,"Thank you Adam Levine, The Federalist, in interview on @foxandfriends  ‚ÄúDonald Trump is the greatest President our Country has ever seen.‚Äù"
Thu Jan 11 23:27:03 +0000 2018,951596346011680768,58711,13728,False,Media Studio,,"Yesterday, I signed the #INTERDICTAct (H.R. 2142) with bipartisan members of Congress to help end the flow of drugs into our country. Together, we are committed to doing everything we can to combat the deadly scourge of drug addiction and overdose in the United States! https://t.co/ELZvFol5Lo"
Thu Jan 11 15:37:54 +0000 2018,951478281303416832,62039,15173,False,Twitter Web Client,,"Great news, as a result of our TAX CUTS &amp; JOBS ACT! https://t.co/SLvhLxP3Jl"
Thu Jan 11 14:14:51 +0000 2018,951457382651056128,59886,12385,False,Twitter for iPhone,25073877,"With that being said, I have personally directed the fix to the unmasking process since taking office and today‚Äôs vote is about foreign surveillance of foreign bad guys on foreign land. We need it! Get smart!"
Thu Jan 11 13:11:46 +0000 2018,951441504203104256,84022,16252,False,Twitter for iPhone,,‚Äú45 year low in illegal immigration this year.‚Äù @foxandfriends
Thu Jan 11 12:33:21 +0000 2018,951431836030459905,71735,17212,False,Twitter for iPhone,,"‚ÄúHouse votes on controversial FISA ACT today.‚Äù This is the act that may have been used, with the help of the discredited and phony Dossier, to so badly surveil and abuse the Trump Campaign by the previous administration and others?"
Thu Jan 11 11:43:59 +0000 2018,951419415794511872,96284,21300,False,Twitter for iPhone,,"In new Quinnipiac Poll, 66% of people feel the economy is ‚ÄúExcellent or Good.‚Äù That is the highest number ever recorded by this poll."
Thu Jan 11 11:33:06 +0000 2018,951416674808467461,81663,22752,False,Twitter for iPhone,,Disproven and paid for by Democrats ‚ÄúDossier used to spy on Trump Campaign. Did FBI use Intel tool to influence the Election?‚Äù @foxandfriends  Did Dems or Clinton also pay Russians? Where are hidden and smashed DNC servers? Where are Crooked Hillary Emails?  What a mess!
Thu Jan 11 04:29:02 +0000 2018,951309956720087041,175869,36582,False,Twitter for iPhone,,"Good news: Toyota and Mazda announce giant new Huntsville, Alabama, plant which will produce over 300,000 cars and SUV‚Äôs a year and employ 4000 people. Companies are coming back to the U.S. in a very big way. Congratulations Alabama!"
Wed Jan 10 23:37:41 +0000 2018,951236634095308800,89554,23073,False,Twitter for iPhone,,"Cutting taxes and simplifying regulations makes America the place to invest! Great news as Toyota and Mazda announce they are bringing 4,000 JOBS and investing $1.6 BILLION in Alabama, helping to further grow our economy! https://t.co/Kcg8IVH6iA"
Wed Jan 10 23:07:48 +0000 2018,951229113897013248,68656,15796,False,Twitter for iPhone,,"The United States needs the security of the Wall on the Southern Border, which must be part of any DACA approval. The safety and security of our country is #1! https://t.co/4CFzQXb5aS"
Wed Jan 10 21:31:30 +0000 2018,951204878562549767,50114,9537,False,Twitter for iPhone,,"Today, it was my great honor to welcome Prime Minister Erna Solberg of Norway to the @WhiteHouse - a great friend and ally of the United States! Joint press conference: https://t.co/qWR1BhfQZI https://t.co/PJvwznjRCO"
Wed Jan 10 20:08:37 +0000 2018,951184020150382592,55742,11858,False,Twitter for iPhone,,"I want to thank my @Cabinet for working tirelessly on behalf of our country. 2017 was a year of monumental achievement and we look forward to the year ahead. Together, we are delivering results and MAKING AMERICA GREAT AGAIN! https://t.co/ptXa1hAPwW https://t.co/yv6RALkQf3"
Wed Jan 10 15:14:15 +0000 2018,951109942685126656,119190,28798,False,Twitter for iPhone,,"The single greatest Witch Hunt in American history continues. There was no collusion, everybody including the Dems knows there was no collusion, &amp; yet on and on it goes. Russia &amp; the world is laughing at the stupidity they are witnessing. Republicans should finally take control!"
Wed Jan 10 15:00:29 +0000 2018,951106475254059008,91901,22750,False,Twitter for iPhone,,"The fact that Sneaky Dianne Feinstein, who has on numerous occasions stated that collusion between Trump/Russia has not been found, would release testimony in such an underhanded and possibly illegal way, totally without authorization, is a disgrace. Must have tough Primary!"
Wed Jan 10 14:11:13 +0000 2018,951094078661414912,107803,26706,False,Twitter for iPhone,,It just shows everyone how broken and unfair our Court System is when the opposing side in a case (such as DACA) always runs to the 9th Circuit and almost always wins before being reversed by higher courts.
Wed Jan 10 04:23:58 +0000 2018,950946293077209088,60003,13813,False,Twitter for iPhone,,".@ICEgov HSI agents and ERO officers, on behalf of an entire Nation, THANK YOU for what you are doing 24/7/365 to keep fellow American‚Äôs SAFE. Everyone is so grateful!
#LawEnforcementAppreciationDay
President @realDonaldTrump https://t.co/HXCpTlruVo"
Wed Jan 10 03:48:26 +0000 2018,950937350003183618,51677,11886,False,Twitter for iPhone,,"Thank you @GOPLeader Kevin McCarthy! Couldn‚Äôt agree w/you more. TOGETHER, we are #MAGAüá∫üá∏ https://t.co/QaxtqpyXTR"
Wed Jan 10 00:16:57 +0000 2018,950884128379035650,123068,24544,False,Twitter for iPhone,,"As I made very clear today, our country needs the security of the Wall on the Southern Border, which must be part of any DACA approval."
Tue Jan 09 23:59:38 +0000 2018,950879772644659200,0,11722,True,Twitter for iPhone,,"RT @Scavino45: ‚ÄúUtilities cutting rates, cite benefits of Trump tax reform‚Äù https://t.co/u19JMs4Bsr"
Tue Jan 09 23:07:09 +0000 2018,950866561153331202,81840,19455,False,Twitter for iPhone,,"Today, it was my great honor to sign a new Executive Order to ensure Veterans have the resources they need as they transition back to civilian life. We must ensure that our HEROES are given the care and support they so richly deserve! https://t.co/0MdP9DDIAS https://t.co/LP2a8KCBAp"
Tue Jan 09 22:51:50 +0000 2018,950862709599465472,57889,11860,False,Twitter for iPhone,,"Thanks to all of the Republican and Democratic lawmakers for today‚Äôs very productive meeting on immigration reform. There was strong agreement to negotiate a bill that deals with border security, chain migration, lottery and DACA. https://t.co/SdqAQ3aL3z https://t.co/8DYHZHspAy"
Tue Jan 09 20:17:17 +0000 2018,950823813868122112,73359,17316,False,Twitter for iPhone,,"It was my great honor to sign H.R. 267, the ‚ÄúMartin Luther King, Jr. National Historical Park Act,‚Äù which redesignates the Martin Luther King, Junior, National Historic Site in the State of Georgia as the Martin Luther King, Jr. National Historical Park. https://t.co/Qe0b6HBFTY https://t.co/QTgaqTawPT"
Tue Jan 09 17:11:23 +0000 2018,950777029816963072,112374,26788,False,Twitter for iPhone,,"On behalf of the American people, THANK YOU to our incredible law enforcement officers. As President of the United States - I will fight for you, and I will never, ever let you down. Now, more than ever, we must support the men and women in blue! #LawEnforcementAppreciationDay https://t.co/Qb4uxB4JRm"
Mon Jan 08 23:19:47 +0000 2018,950507353094356993,104955,22152,False,Twitter for iPhone,,"We are fighting for our farmers, for our country, and for our GREAT AMERICAN FLAG. We want our flag respected - and we want our NATIONAL ANTHEM respected also! https://t.co/16eOLXg6Fi"
Mon Jan 08 22:59:37 +0000 2018,950502279785959425,80988,17901,False,Twitter for iPhone,,"In every decision we make, we are honoring America‚Äôs PROUD FARMING LEGACY. Years of crushing taxes, crippling regs, &amp; corrupt politics left our communities hurting, our economy stagnant, &amp; millions of hardworking Americans COMPLETELY FORGOTTEN. But they are not forgotten ANYMORE! https://t.co/MdYS7xnukQ"
Mon Jan 08 22:58:13 +0000 2018,950501926227136512,57622,11602,False,Twitter for iPhone,,We have been working every day to DELIVER for America‚Äôs Farmers just as they work every day to deliver FOR US. #AFBF18 https://t.co/QDH7fvFkZ7
Mon Jan 08 19:06:40 +0000 2018,950443653666713601,54274,10306,False,Twitter for iPhone,,"Can‚Äôt wait to be back in the amazing state of Tennessee to address the 99th American @FarmBureau Federation‚Äôs Annual Convention in Nashville! #AFBF18

On my way now - join me LIVE at 4:00pmE: https://t.co/QaljAqekdD. https://t.co/Wm7Io0hYT8"
Mon Jan 08 14:20:25 +0000 2018,950371619247153154,132496,34915,False,Twitter for iPhone,,African American unemployment is the lowest ever recorded in our country. The Hispanic unemployment rate dropped a full point in the last year and is close to the lowest in recorded history. Dems did nothing for you but get your vote!  #NeverForget  @foxandfriends
Mon Jan 08 03:24:23 +0000 2018,950206523690639360,83339,18954,False,Twitter for iPhone,25073877,"...Clinton in the WH, doubling down on Barack Obama‚Äôs failed policies, washes away any doubts that America made the right choice. This was truly a change election ‚Äî and the changes Trump is bringing are far-reaching &amp; necessary.‚Äù Thank you Michael Goodwin! https://t.co/4fHNcx2Ydg"
Mon Jan 08 03:23:39 +0000 2018,950206338411499520,82633,16978,False,Twitter for iPhone,,"‚ÄúHis is turning out to be an enormously consequential presidency. So much so that, despite my own frustration over his missteps, there has never been a day when I wished Hillary Clinton were president. Not one. Indeed, as Trump‚Äôs accomplishments accumulate, the mere thought of..."
Mon Jan 08 02:36:36 +0000 2018,950194495223730176,20962,5004,False,Twitter for iPhone,,"....failed policies, washes away any doubts that America made the right choice. This was truly a change election, and the changes Trump is bringing are far-reaching and necessary.‚Äù  Thank you Michael Goodwin! (Please read entire column) mgoodwin@nypost.com"
Mon Jan 08 02:21:25 +0000 2018,950190674661511168,23199,5479,False,Twitter for iPhone,,"‚ÄúHis is turning out to be an enormously consensual presidency. So much so that...there has never been a day that I wished Hillary Clinton were President. Not one. Indeed, as Trump‚Äôs accomplishments accumulate, the mere thought of Clinton in the W.H., doubling down on Obama‚Äôs....."
Sun Jan 07 20:42:13 +0000 2018,950105312782114817,100502,20392,False,Twitter for iPhone,,"The Stock Market has been creating tremendous benefits for our country in the form of not only Record Setting Stock Prices, but present and future Jobs, Jobs, Jobs. Seven TRILLION dollars of value created since our big election win!"
Sun Jan 07 20:35:39 +0000 2018,950103659337134080,152122,38266,False,Twitter for iPhone,,"The Fake News Awards, those going to the most corrupt &amp; biased of the Mainstream Media, will be presented to the losers on Wednesday, January 17th, rather than this coming Monday. The interest in, and importance of, these awards is far greater than anyone could have anticipated!"
Sun Jan 07 15:15:50 +0000 2018,950023175907266560,124202,29945,False,Twitter for iPhone,,Jake Tapper of Fake News CNN just got destroyed in his interview with Stephen Miller of the Trump Administration. Watch the hatred and unfairness of this CNN flunky!
Sun Jan 07 14:40:06 +0000 2018,950014185299210240,154016,31674,False,Twitter for iPhone,,"I‚Äôve had to put up with the Fake News from the first day I announced that I would be running for President. Now I have to put up with a Fake Book, written by a totally discredited author. Ronald Reagan had the same problem and handled it well. So will I!"
Sun Jan 07 14:33:10 +0000 2018,950012437788585985,81754,15686,False,Twitter for iPhone,,"Leaving Camp David for the White House. Great meetings with the Cabinet and Military on many very important subjects including Border Security &amp; the desperately needed Wall, the ever increasing Drug and Opioid Problem, Infrastructure, Military, Budget, Trade and DACA."
Sat Jan 06 12:30:51 +0000 2018,949619270631256064,143557,34683,False,Twitter for iPhone,,"....to President of the United States (on my first try). I think that would qualify as not smart, but genius....and a very stable genius at that!"
Sat Jan 06 12:27:42 +0000 2018,949618475877765120,135587,36776,False,Twitter for iPhone,,"....Actually, throughout my life, my two greatest assets have been mental stability and being, like, really smart. Crooked Hillary Clinton also played these cards very hard and, as everyone knows, went down in flames. I went from VERY successful businessman, to top T.V. Star....."
Sat Jan 06 12:19:10 +0000 2018,949616329463615489,149378,35383,False,Twitter for iPhone,,"Now that Russian collusion, after one year of intense study, has proven to be a total hoax on the American public, the Democrats and their lapdogs, the Fake News Mainstream Media, are taking out the old Ronald Reagan playbook and screaming mental stability and intelligence....."
Sat Jan 06 11:57:35 +0000 2018,949610896241946626,119772,23616,False,Twitter for iPhone,,"Brian Ross, the reporter who made a fraudulent live newscast about me that drove the Stock Market down 350 points (billions of dollars), was suspended for a month but is now back at ABC NEWS in a lower capacity. He is no longer allowed to report on Trump. Should have been fired!"
Sat Jan 06 11:49:02 +0000 2018,949608746497576960,145164,32852,False,Twitter for iPhone,,"The African American unemployment rate fell to 6.8%, the lowest rate in 45 years. I am so happy about this News! And, in the Washington Post (of all places), headline states, ‚ÄúTrumps first year jobs numbers were very, very good.‚Äù"
Sat Jan 06 04:32:08 +0000 2018,949498795074736129,89641,24184,False,Twitter for iPhone,,"Michael Wolff is a total loser who made up stories in order to sell this really boring and untruthful book. He used Sloppy Steve Bannon, who cried when he got fired and begged for his job. Now Sloppy Steve has been dumped like a dog by almost everyone. Too bad! https://t.co/mEeUhk5ZV9"
Sat Jan 06 04:19:10 +0000 2018,949495534003412992,121925,30331,False,Twitter for iPhone,,Good idea Rand! https://t.co/55sqUDiC0s
Fri Jan 05 15:34:28 +0000 2018,949303089416294401,80339,16114,False,Twitter for iPhone,,The Mercer Family recently dumped the leaker known as Sloppy Steve Bannon. Smart!
Fri Jan 05 14:32:44 +0000 2018,949287555660500992,146895,32908,False,Twitter for iPhone,,"Well, now that collusion with Russia is proving to be a total hoax and the only collusion is with Hillary Clinton and the FBI/Russia, the Fake News Media (Mainstream) and this phony new book are hitting out at every new front imaginable. They should try winning an election. Sad!"
Fri Jan 05 11:35:30 +0000 2018,949242950659313669,123963,27330,False,Twitter for iPhone,,"Dow goes from 18,589 on November 9, 2016, to 25,075 today, for a new all-time Record. Jumped 1000 points in last 5 weeks, Record fastest 1000 point move in history. This is all about the Make America Great Again agenda! Jobs, Jobs, Jobs. Six trillion dollars in value created!"
Fri Jan 05 04:04:20 +0000 2018,949129410208202757,130020,28289,False,Twitter for iPhone,,"The Fake News Media barely mentions the fact that the Stock Market just hit another New Record and that business in the U.S. is booming...but the people know! Can you imagine if ‚ÄúO‚Äù was president and had these numbers - would be biggest story on earth! Dow now over 25,000."
Fri Jan 05 03:52:53 +0000 2018,949126530839572481,102051,24186,False,Twitter for iPhone,,"I authorized Zero access to White House (actually turned him down many times) for author of phony book! I never spoke to him for book. Full of lies, misrepresentations and sources that don‚Äôt exist. Look at this guy‚Äôs past and watch what happens to him and Sloppy Steve!"
Fri Jan 05 00:11:26 +0000 2018,949070800417640454,94079,22486,False,Twitter for iPhone,,MAKING AMERICA GREAT AGAIN! https://t.co/iONbr1DkVk
Thu Jan 04 23:53:05 +0000 2018,949066181381632001,138219,30573,False,Twitter for iPhone,,"Thank you to the great Republican Senators who showed up to our mtg on immigration reform. We must BUILD THE WALL, stop illegal immigration, end chain migration &amp; cancel the visa lottery. The current system is unsafe &amp; unfair to the great people of our country - time for change!"
Thu Jan 04 15:48:04 +0000 2018,948944124132167680,118759,23606,False,Twitter for iPhone,,"Dow just crashes through 25,000. Congrats! Big cuts in unnecessary regulations continuing."
Thu Jan 04 11:37:46 +0000 2018,948881133340708864,118224,33042,False,Twitter for iPhone,,So beautiful....Show this picture to the NFL players who still kneel! https://t.co/tJLM1tvbvb
Thu Jan 04 11:32:22 +0000 2018,948879774277128197,94825,20050,False,Twitter for iPhone,,"With all of the failed ‚Äúexperts‚Äù weighing in, does anybody really believe that talks and dialogue would be going on between North and South Korea right now if I wasn‚Äôt firm, strong and willing to commit our total ‚Äúmight‚Äù against the North. Fools, but talks are a good thing!"
Thu Jan 04 11:11:45 +0000 2018,948874586006925313,156169,40615,False,Twitter for iPhone,,"As Americans, you need identification, sometimes in a very strong and accurate form, for almost everything you do.....except when it comes to the most important thing, VOTING for the people that run your country. Push hard for Voter Identification!"
Thu Jan 04 11:02:14 +0000 2018,948872192284155904,111769,31030,False,Twitter for iPhone,,"Many mostly Democrat States refused to hand over data from the 2016 Election to the Commission On Voter Fraud. They fought hard that the Commission not see their records or methods because they know that many people are voting illegally. System is rigged, must go to Voter I.D."
Thu Jan 04 02:13:16 +0000 2018,948739073237311488,161893,38414,False,Twitter for iPhone,,MAKE AMERICA GREAT AGAIN!
Thu Jan 04 02:11:31 +0000 2018,948738634722742273,106610,19890,False,Twitter for iPhone,,"Stock Market had another good day but, now that the Tax Cut Bill has passed, we have tremendous upward potential. Dow just short of 25,000, a number that few thought would be possible this soon into my administration. Also, unemployment went down to 4.1%. Only getting better!"
Thu Jan 04 02:07:37 +0000 2018,948737652119031808,68514,16870,False,Twitter for iPhone,,"‚ÄúSome 40 U.S. companies have responded to President Trump‚Äôs tax cut and reform victory in Congress last year by handing out bonuses up to $2,000, increases in 401k matches and spending on charity, a much higher number than previously known.‚Äù https://t.co/bmWrwWzxMR"
Thu Jan 04 01:06:06 +0000 2018,948722170531893248,60008,12771,False,Twitter for iPhone,,"Melania and I are deeply saddened by the death of Thomas S. Monson, a beloved President of the Church of Jesus Christ of Latter-day Saints...
https://t.co/ETD3fWtfU3"
Wed Jan 03 13:37:13 +0000 2018,948548807612084224,149012,30716,False,Twitter for iPhone,,Such respect for the people of Iran as they try to take back their corrupt government. You will see great support from the United States at the appropriate time!
Wed Jan 03 04:03:01 +0000 2018,948404303072460800,98592,21229,False,Twitter for iPhone,,"‚ÄúPresident Trump has something now he didn‚Äôt have a year ago, that is a set of accomplishments that nobody can deny. The accomplishments are there, look at his record, he has had a very significant first year.‚Äù @LouDobbs Show,David Asman &amp; Ed Rollins"
Wed Jan 03 01:16:57 +0000 2018,948362512315056129,28606,7073,False,Twitter for iPhone,,Watch @seanhannity tonight at 9:00 P.M.
Wed Jan 03 01:05:10 +0000 2018,948359545767841792,198538,52387,False,Twitter for iPhone,,I will be announcing THE MOST DISHONEST &amp; CORRUPT MEDIA AWARDS OF THE YEAR on Monday at 5:00 o‚Äôclock. Subjects will cover Dishonesty &amp; Bad Reporting in various categories from the Fake News Media. Stay tuned!
Wed Jan 03 00:49:19 +0000 2018,948355557022420992,501928,194423,False,Twitter for iPhone,,"North Korean Leader Kim Jong Un just stated that the ‚ÄúNuclear Button is on his desk at all times.‚Äù Will someone from his depleted and food starved regime please inform him that I too have a Nuclear Button, but it is a much bigger &amp; more powerful one than his, and my Button works!"
Tue Jan 02 22:37:57 +0000 2018,948322497602220032,94225,20162,False,Twitter Web Client,25073877,"...peace treaty with Israel. We have taken Jerusalem, the toughest part of the negotiation, off the table, but Israel, for that, would have had to pay more. But with the Palestinians no longer willing to talk peace, why should we make any of these massive future payments to them?"
Tue Jan 02 22:37:56 +0000 2018,948322496591384576,118608,29464,False,Twitter Web Client,,"It's not only Pakistan that we pay billions of dollars to for nothing, but also many other countries, and others. As an example, we pay the Palestinians HUNDRED OF MILLIONS OF DOLLARS a year and get no appreciation or respect. They don‚Äôt even want to negotiate a long overdue..."
Tue Jan 02 22:23:41 +0000 2018,948318907848413184,63411,12508,False,Twitter for iPhone,,"Congratulations to Senator Orrin Hatch on an absolutely incredible career. He has been a tremendous supporter, and I will never forget the (beyond kind) statements he has made about me as President. He is my friend and he will be greatly missed in the U.S. Senate! https://t.co/0VjzLEeHTl"
Tue Jan 02 18:11:11 +0000 2018,948255367393349634,70771,16464,False,Twitter for iPhone,,We will not rest until all of America‚Äôs GREAT VETERANS can receive the care they so richly deserve. Tremendous progress has been made in a short period of time. Keep up the great work @SecShulkin @DeptVetAffairs! https://t.co/ir25vW15hx https://t.co/OtuzIgxMn6
Tue Jan 02 15:16:38 +0000 2018,948211438472089600,88023,18823,False,Twitter for iPhone,,"Democrats are doing nothing for DACA - just interested in politics.  DACA activists and Hispanics will go hard against Dems, will start ‚Äúfalling in love‚Äù with Republicans and their President! We are about RESULTS."
Tue Jan 02 14:53:47 +0000 2018,948205689683562496,77984,16742,False,Twitter for iPhone,,"....impartial journalists of a much higher standard, lose all of your phony and non-existent ‚Äúsources,‚Äù and treat the President of the United States FAIRLY, so that the next time I (and the people) win, you won‚Äôt have to write an apology to your readers for a job poorly done! GL"
Tue Jan 02 14:39:49 +0000 2018,948202173049049088,79739,18192,False,Twitter for iPhone,,"The Failing New York Times has a new publisher, A.G. Sulzberger. Congratulations! Here is a last chance for the Times to fulfill the vision of its Founder, Adolph Ochs, ‚Äúto give the news impartially, without fear or FAVOR, regardless of party, sect, or interests involved.‚Äù Get..."
Tue Jan 02 14:13:13 +0000 2018,948195478428102657,89221,16627,False,Twitter for iPhone,,"Since taking office I have been very strict on Commercial Aviation. Good news - it was just reported that there were Zero deaths in 2017, the best and safest year on record!"
Tue Jan 02 14:08:56 +0000 2018,948194400114487296,78189,17570,False,Twitter for iPhone,,"Sanctions and ‚Äúother‚Äù pressures are beginning to have a big impact on North Korea. Soldiers are dangerously fleeing to South Korea. Rocket man now wants to talk to South Korea for first time. Perhaps that is good news, perhaps not - we will see!"
Tue Jan 02 13:49:23 +0000 2018,948189482284707840,87296,15764,False,Twitter for iPhone,,Companies are giving big bonuses to their workers because of the Tax Cut Bill. Really great!
Tue Jan 02 13:44:33 +0000 2018,948188264858603520,69784,14594,False,Twitter for iPhone,,Thank you to Brandon Judd of the National Border Patrol Council for your kind words on how well we are doing at the Border. We will be bringing in more &amp; more of your great folks and will build the desperately needed WALL! @foxandfriends
Tue Jan 02 12:48:00 +0000 2018,948174033882927104,131529,37912,False,Twitter for iPhone,,"Crooked Hillary Clinton‚Äôs top aid, Huma Abedin, has been accused of disregarding basic security protocols. She put Classified Passwords into the hands of foreign agents. Remember sailors pictures on submarine? Jail! Deep State Justice Dept must finally act? Also on Comey &amp; others"
Tue Jan 02 12:09:17 +0000 2018,948164289591902208,106529,28511,False,Twitter for iPhone,,"The people of Iran are finally acting against the brutal and corrupt Iranian regime. All of the money that President Obama so foolishly gave them went into terrorism and into their ‚Äúpockets.‚Äù The people have little food, big inflation and no human rights. The U.S. is watching!"
Mon Jan 01 13:37:52 +0000 2018,947824196909961216,115361,17132,False,Twitter for iPhone,,"Will be leaving Florida for Washington (D.C.) today at 4:00 P.M. Much work to be done, but it will be a great New Year!"
Mon Jan 01 12:44:40 +0000 2018,947810806430826496,112000,29283,False,Twitter for iPhone,25073877,"Iran is failing at every level despite the terrible deal made with them by the Obama Administration. The great Iranian people have been repressed for many years. They are hungry for food &amp; for freedom. Along with human rights, the wealth of Iran is being looted. TIME FOR CHANGE!"
Mon Jan 01 12:12:00 +0000 2018,947802588174577664,306383,101903,False,Twitter for iPhone,,"The United States has foolishly given Pakistan more than 33 billion dollars in aid over the last 15 years, and they have given us nothing but lies &amp; deceit, thinking of our leaders as fools. They give safe haven to the terrorists we hunt in Afghanistan, with little help. No more!"
